work_order_ref,equipment_id,technician_id,note_text,captured_at
WO-2026-100201,10004521,TECH-1001,"Pump01 on line 3 running hot again, temp gun showing 92C on bearing housing, vibe reading higher than last week. Pulled the cover and outer race has some discoloration and pitting. Gonna need a bearing swap, pulling 6205-2RS from stores. Isolated and tagged out, swapped over to spare pump P01B so line keeps running.",2026-07-28 06:42
WO-2026-100201,10004521,TECH-1001,"Bearing swap done on Pump01. Old bearing had pitting on the outer race, matches that water ingress we had back in June. Repacked with NLGI-2 grease per PM-114, housing bolts torqued to 45 Nm. Ran 20 min under load, vibration back down to 1.8 mm/s and temp holding steady at 61C. Switched back off the spare. Ready to close out.",2026-07-28 11:15
WO-2026-100202,10004532,TECH-1002,"Conv02 on line 1 keeps tripping overload every couple hours. Belt tension looks fine. Motor amps spiking to 14A when it trips vs normal 9A run current. Coupling looks slightly offset in the photos I took, think it's a misalignment issue not the motor. Put line on manual bypass rest of shift, need alignment tooling tomorrow.",2026-07-28 14:20
WO-2026-100202,10004532,TECH-1002,"Realigned the gearmotor coupling on Conv02 with laser alignment tool, was off by almost 0.6mm at the shim. Added 0.5mm shims on the inboard feet, retorqued mounting bolts. Ran line for 45 min continuous no trips, amps steady at 9.2A. Also swapped in the alignment kit parts we ordered. Line back to normal, closing this one out.",2026-07-29 09:05
WO-2026-100203,10004541,TECH-1001,"Gearbox03 line2 leaking oil from the output shaft area, dripping onto the floor under the machine, put absorbent pad down. Looks like the shaft seal has failed, oil level was low when I checked with dipstick. Ordered the GB-3311-SEAL part, we don't have one in stores right now so this one's waiting on parts. Topped off gear oil temporarily to keep it running until seal comes in.",2026-07-29 07:55
WO-2026-100204,10004548,TECH-1003,"Robot04 weld quality dropping on line 4, seeing spatter buildup and inconsistent bead. Torch tip was worn down more than it should be for the hours on it. Swapped torch tip, contact tip, and gas nozzle. Ran 10 test welds on scrap coupon, bead looks clean and consistent now. Checked shielding gas flow meter, reading correct at 20 CFH.",2026-07-28 10:30
WO-2026-100205,10004555,TECH-1004,"Motor07 on line5 making a grinding noise on startup, got worse over the shift. IR temp on the bearing end is 78C, higher than normal. Vibration reading elevated on the drive end. Recommend bearing replacement, don't think this is safe to run through the weekend without it. Flagging as follow-up needed since we're waiting on the bearing kit to confirm fit.",2026-07-29 05:15
WO-2026-100205,10004555,TECH-1004,"Replaced both bearings on Motor07 drive end and non-drive end, 6309-2RS kit came in. Also had to replace the terminal box gasket, old one was cracked and letting moisture in which probably contributed to the bearing wear. Meggered the windings after reassembly, insulation resistance reads good at 42 Mohm. Ran motor 30 min no load then 20 min under load, noise is gone, vibration back to baseline.",2026-07-29 13:40
WO-2026-100206,10004560,TECH-1005,"Compressor01 tripping on high discharge temp alarm. Checked the air/oil separator element, looks saturated and dirty, probably overdue. Also inlet filter was clogged pretty bad. Replaced both, reset the alarm, ran the unit up to full load and discharge temp is back in normal range around 88C. Logged the runtime hours for the PM interval reset.",2026-07-30 08:10
WO-2026-100207,20003301,TECH-1006,"Press01 die cushion losing nitrogen pressure during the shift, had to top up twice which isn't normal. Found a small leak at the cylinder seal, could see bubbles when I sprayed soap solution on the fitting. Replaced the seal kit on the nitrogen cylinder, re-pressurized to spec 180 bar, held steady for the rest of the test cycles. No more pressure drop.",2026-07-27 06:20
WO-2026-100208,20003312,TECH-1007,"Chiller02 refrigerant level looks low, sight glass showing bubbles which usually means we're short on charge. Used the leak detector dye kit to try to find where it's escaping, think I see a small stain near the liquid line braze joint but need more time to confirm before I do the repair. Leaving this in progress, need to schedule proper leak search with the electronic sniffer next shift.",2026-07-30 15:45
WO-2026-100209,20003318,TECH-1008,"Conv05 on line2 belt tracking off to one side, rubbing on the frame and making noise. Found the idler bearing on the tail end is worn out, has play when I push on it by hand. Replaced idler bearing and did a splice repair on the belt where it was starting to fray. Adjusted tracking, ran empty then loaded, tracking straight now.",2026-07-30 11:00
WO-2026-100210,20003325,TECH-1007,"HVAC01 rooftop unit not cooling properly in the break room area, condenser fan motor sounded like it was struggling to start. Capacitor tested bad on the meter, way under rated microfarad value. Replaced capacitor and both air filters while I was up there since they were overdue anyway. Fan spins up normal now, unit cycling properly.",2026-07-28 09:00
WO-2026-100211,10004521,TECH-1009,"Follow-up check on Pump01 mechanical seal after the bearing job last week, wanted to make sure there's no weeping since we had it apart. Inspected seal faces, no visible leakage or scoring, everything looks dry and normal. No parts needed, just a visual and dye check. Good to close.",2026-07-31 02:15
WO-2026-100212,10004532,TECH-1002,"This work order got created twice by mistake for the same Conv02 alignment issue, the other one WO-2026-100202 already covers this. Closing as duplicate, no additional work done here.",2026-07-29 09:10
WO-2026-100213,10004541,TECH-1001,"Seal kit for Gearbox03 finally came in from stores. Replaced the output shaft seal, drained old gear oil which had some water contamination visible, cleaned the sump, refilled with 4L fresh ISO 320 gear oil. Ran under load for 30 min, no leaking at the shaft now, oil level holding steady.",2026-08-01 07:30
WO-2026-100214,10004548,TECH-1003,"Robot04 threw an axis 3 servo fault mid-shift, e-stopped the cell per safety procedure. Found the servo cable connector at the axis 3 junction had a loose/corroded pin, probably from coolant mist exposure over time. Replaced connector, applied dielectric grease, reset the drive fault. Ran the calibration routine and 5 test cycles, no faults recurring.",2026-07-31 12:50
WO-2026-100215,10004555,TECH-1004,"Went back to check Motor07 vibration one more time after last week's bearing job just to be thorough before we call it fully closed. Reading is steady at 1.6 mm/s which is right at baseline for this motor. No noise, no heat. Confirming the repair held.",2026-07-31 16:05
WO-2026-100216,10004560,TECH-1005,"Compressor01 discharge check valve found sticking during PM inspection, not fully seating which was letting a bit of backflow happen on shutdown causing hard restarts. Replaced check valve and gasket set. Flagging as follow-up required since I want someone to recheck restart behavior after a couple full stop/start cycles over the next few days.",2026-08-01 06:50
WO-2026-100217,20003301,TECH-1006,"Press01 clutch/brake was slipping, operator reported delayed stop response which is a safety concern so we prioritized this one. Friction disc was worn down past spec when I measured it with calipers. Replaced disc, adjusted air gap per OEM spec, tested stop time with the tach, now stopping well within the required cycle time.",2026-08-01 05:40
WO-2026-100218,20003312,TECH-1007,"Found the leak on Chiller02, it was at the braze joint on the liquid line like I suspected last week. Brazed the repair, pressure tested with nitrogen to 150 psi and held for 15 min with no drop. Evacuated the system and recharged with 4.5kg of R-134a per nameplate charge. Sight glass clear now, no bubbles.",2026-08-02 08:20
WO-2026-100219,20003318,TECH-1008,"Conv05 gearmotor seized up completely on line2, tried to bar it over by hand and it won't turn. This is beyond a bearing or belt fix, motor housing is hot to the touch even after sitting overnight. Recommending full gearmotor replacement, requesting PN CV5-GM-750 from stores, they don't have one on the shelf so this is on backorder. Line running on the backup short conveyor route for now.",2026-08-02 04:30
WO-2026-100220,20003325,TECH-1007,"HVAC01 belt was cracked and glazed, showing squeal on startup. Replaced belt set A38 and checked sheave alignment with a straightedge, was slightly off so I adjusted the motor sheave position. No more squeal, airflow reading back up to spec at the supply diffuser.",2026-08-02 10:10
WO-2026-100221,10004521,TECH-1009,"Pump01 coupling elastomer insert was cracked and chunks of rubber were flying off during operation, found pieces on the guard. Replaced the insert, checked alignment while it was apart and it's still within tolerance from the last job. Ran up to speed, no more rubber debris and coupling noise is gone.",2026-08-02 03:10
WO-2026-100222,10004532,TECH-1002,"Conv02 photo-eye sensor at the discharge end was giving intermittent false triggers, causing random stops that operators were complaining about all week. Lens was dirty and the mounting bracket had some vibration-induced drift. Cleaned lens, replaced the sensor since it was also getting old, remounted more securely with lock washers. No false trips in a full shift of monitoring.",2026-08-03 07:00
WO-2026-100223,10004555,TECH-1004,"Motor07 came back from the rewind shop after the winding failure we found during teardown last week, wasn't just the bearings after all, there was insulation breakdown on one phase. Installed the rewound motor, new grease nipple fitted, meggered at 55 Mohm which is solid. Ran full load test for an hour, amps balanced across all three phases, temp normal.",2026-08-03 08:45
WO-2026-100224,10004560,TECH-1005,"Compressor01 minute service, mostly just the intake filter which was due. Filter looked dusty but not terrible. Quick swap, logged hours, no other issues found on visual inspection.",2026-08-03 06:15
WO-2026-100225,20003301,TECH-1006,"Press01 tripping on intermittent overload, can't get it to repeat on demand which is frustrating. Checked the obvious stuff, motor amps look normal when it's running fine. Going to put a data logger on the main drive overnight to try to catch the trip event with actual readings. No parts needed yet, still diagnosing.",2026-08-03 13:25
WO-2026-100226,20003312,TECH-1007,"Chiller02 condenser coil was caked with dust and lint, restricting airflow and making the compressor work harder than it should. Cleaned coil with the soft brush and low pressure wash per procedure, condenser approach temp back down to a normal 8C differential. No parts used, just cleaning.",2026-08-03 09:55
WO-2026-100205,10004555,TECH-1009,"Night shift check-in on Motor07 while it was on the do-not-run tag waiting for the bearing kit, just confirming lockout is still in place and tag hasn't been removed. Everything secure, no changes overnight.",2026-07-29 23:10
WO-2026-100208,20003312,TECH-1010,"Picked up the Chiller02 leak search overnight with the electronic sniffer since day shift flagged it as still in progress. Confirmed the leak is at the liquid line braze joint like suspected, marked it clearly with tape for day shift to do the braze repair since I don't have the brazing kit certified on nights.",2026-08-01 01:20
WO-2026-100203,10004541,TECH-1009,"Checked on Gearbox03 overnight since it's still waiting on the seal part, oil level holding ok with the temporary top-off, no major new leakage overnight, just the slow drip we already knew about. Absorbent pad still doing its job.",2026-07-30 22:40
WO-2026-100219,20003318,TECH-1008,"Update on Conv05 gearmotor, stores confirmed the replacement is in transit from the regional warehouse, ETA is a few more days. Backup route conveyor holding up fine but it's slower so we're falling a bit behind on line2 throughput. Flagging to the planner in case we need to expedite shipping.",2026-08-03 05:50
WO-2026-100213,10004541,TECH-1001,"Quick follow-up look at Gearbox03 a day after the seal replacement just to double check for leaks after it had time to run. Bone dry underneath, no seepage at all. Oil level right where it should be. Calling this one fully closed now.",2026-08-02 07:10
